model,accuracy,precision,recall,f1,auc
LogReg (temporal),0.8056411837237978,0.7790148448043185,0.7921097770154374,0.7855077394114646,0.886104810281418
RandomForest (temporal),0.80980271270037,0.8104913188031031,0.7526586620926243,0.7805051583066525,0.8868854890812022
LogReg (BoW baseline),0.9839704069050554,0.9871750433275563,0.9770154373927958,0.9820689655172414,0.9983536712114249
