model,accuracy,precision,recall,f1,auc
LogReg (temporal),0.6704545454545454,0.43478260869565216,0.38461538461538464,0.40816326530612246,0.7518610421836228
RandomForest (temporal),0.7272727272727273,0.5384615384615384,0.5384615384615384,0.5384615384615384,0.7912531017369726
LogReg (BoW baseline),0.9659090909090909,0.9259259259259259,0.9615384615384616,0.9433962264150944,0.9968982630272953
